<application>
  <component name="CodeFoldingSettings">
    <option name="COLLAPSE_IMPORTS" value="false" />
    <option name="COLLAPSE_FILE_HEADER" value="false" />
  </component>
  <component name="CodeInsightSettings">
    <option name="ADD_IMPORTS_ON_PASTE" value="1" />
    <option name="HIGHLIGHT_SCOPE" value="true" />
    <EXCLUDED_PACKAGE NAME="com.gexin.rp.sdk.dto.GtReq.Target" />
  </component>
  <component name="DaemonCodeAnalyzerSettings">
    <option name="SHOW_METHOD_SEPARATORS" value="true" />
  </component>
  <component name="JSCodeFoldingSettings">
    <option name="collapseTSImports" value="false" />
    <option name="COLLAPSE_TS_IMPORTS" value="false" />
  </component>
  <component name="JavaCodeFoldingSettings">
    <option name="collapseOneLineMethods" value="false" />
  </component>
</application>