<application>
  <component name="LanguageInjectionConfiguration">
    <option name="INSTRUMENTATION" value="ASSERT" />
    <option name="LANGUAGE_ANNOTATION" value="org.intellij.lang.annotations.Language" />
    <option name="PATTERN_ANNOTATION" value="org.intellij.lang.annotations.Pattern" />
    <option name="SUBST_ANNOTATION" value="org.intellij.lang.annotations.Subst" />
    <option name="RESOLVE_REFERENCES" value="true" />
    <injection language="XML" injector-id="xml">
      <display-name>beans/@schemaLocation</display-name>
      <place><![CDATA[xmlAttribute().withLocalName(string().equalTo("schemaLocation")).withNamespace(string().equalTo("http://www.w3.org/2001/XMLSchema-instance")).withParent(xmlTag().withLocalName(string().equalTo("beans")).withNamespace(string().equalTo("http://www.springframework.org/schema/beans")))]]></place>
    </injection>
  </component>
</application>