<application>
  <component name="ExternalResourceManagerImpl">
    <resource url="http://ehcache.org/ehcache.xsd" location="$USER_HOME$/.IntelliJIdea2017.1/system/extResources/39e8daee_ehcache.xsd" />
    <resource url="http://mybatis.org/dtd/mybatis-3-config.dtd" location="$USER_HOME$/.IntelliJIdea2017.1/system/extResources/69c70a2f_mybatis-3-config.dtd" />
    <resource url="http://mybatis.org/dtd/mybatis-3-mapper.dtd" location="$USER_HOME$/.IntelliJIdea2018.3/system/extResources/b36fadae_mybatis-3-mapper.dtd" />
    <resource url="http://www.springframework.org/schema/aop" location="$USER_HOME$/.IntelliJIdea2016.3/system/extResources/7ab94007_spring-aop.xsd" />
    <resource url="http://www.springframework.org/schema/aop/spring-aop.xsd" location="$USER_HOME$/.IntelliJIdea2016.1/system/extResources/7ab94007_spring-aop.xsd" />
    <resource url="http://www.springframework.org/schema/beans" location="$USER_HOME$/.IntelliJIdea2017.1/system/extResources/d8159f10_spring-beans-4.0.xsd" />
    <resource url="http://www.springframework.org/schema/beans/spring-beans-2.0.xsd" location="$USER_HOME$/.IntelliJIdea2016.3/system/extResources/6e49288e_spring-beans-2.0.xsd" />
    <resource url="http://www.springframework.org/schema/beans/spring-beans-3.0.xsd" location="$USER_HOME$/.IntelliJIdea2017.1/system/extResources/a32f63cf_spring-beans-3.0.xsd" />
    <resource url="http://www.springframework.org/schema/beans/spring-beans-3.1.xsd" location="$USER_HOME$/.IntelliJIdea2017.1/system/extResources/a33d7b50_spring-beans-3.1.xsd" />
    <resource url="http://www.springframework.org/schema/beans/spring-beans-3.2.xsd" location="$USER_HOME$/.IntelliJIdea2017.1/system/extResources/a34b92d1_spring-beans-3.2.xsd" />
    <resource url="http://www.springframework.org/schema/beans/spring-beans-4.0.xsd" location="$USER_HOME$/.IntelliJIdea2017.1/system/extResources/d8159f10_spring-beans-4.0.xsd" />
    <resource url="http://www.springframework.org/schema/beans/spring-beans-4.2.xsd" location="$USER_HOME$/.IntelliJIdea2016.3/system/extResources/d831ce12_spring-beans-4.2.xsd" />
    <resource url="http://www.springframework.org/schema/beans/spring-beans-4.3.xsd" location="$USER_HOME$/.IntelliJIdea2016.3/system/extResources/d83fe593_spring-beans-4.3.xsd" />
    <resource url="http://www.springframework.org/schema/beans/spring-beans.xsd" location="$USER_HOME$/.IntelliJIdea2017.1/system/extResources/334543e7_spring-beans.xsd" />
    <resource url="http://www.springframework.org/schema/cache" location="$USER_HOME$/.IntelliJIdea2016.3/system/extResources/183c0247_spring-cache.xsd" />
    <resource url="http://www.springframework.org/schema/context" location="$USER_HOME$/.IntelliJIdea2016.3/system/extResources/1dd123d1_spring-context-3.2.xsd" />
    <resource url="http://www.springframework.org/schema/jdbc" location="$USER_HOME$/.IntelliJIdea2016.3/system/extResources/f519442a_spring-jdbc-4.2.xsd" />
    <resource url="http://www.springframework.org/schema/mvc" location="$USER_HOME$/.IntelliJIdea2017.1/system/extResources/dea0e7f1_spring-mvc-3.2.xsd" />
    <resource url="http://www.springframework.org/schema/mvc/spring-mvc-3.2.xsd" location="$USER_HOME$/.IntelliJIdea2016.3/system/extResources/dea0e7f1_spring-mvc-3.2.xsd" />
    <resource url="http://www.springframework.org/schema/mvc/spring-mvc-4.0.xsd" location="$USER_HOME$/.IntelliJIdea2017.1/system/extResources/136af430_spring-mvc-4.0.xsd" />
    <resource url="http://www.springframework.org/schema/security" location="$USER_HOME$/.IntelliJIdea2017.1/system/extResources/8e1d3a73_spring-security-3.2.xsd" />
    <resource url="http://www.springframework.org/schema/security/oauth2" location="$USER_HOME$/.IntelliJIdea2017.1/system/extResources/e8b1ffc_spring-security-oauth2-2.0.xsd" />
    <resource url="http://www.springframework.org/schema/security/spring-security-3.2.xsd" location="$USER_HOME$/.IntelliJIdea2017.1/system/extResources/8e1d3a73_spring-security-3.2.xsd" />
    <resource url="http://www.springframework.org/schema/security/spring-security-4.0.xsd" location="$USER_HOME$/.IntelliJIdea2017.1/system/extResources/c2e746b2_spring-security-4.0.xsd" />
    <resource url="http://www.springframework.org/schema/security/spring-security-oauth2-2.0.xsd" location="$USER_HOME$/.IntelliJIdea2017.1/system/extResources/e8b1ffc_spring-security-oauth2-2.0.xsd" />
    <resource url="http://www.springframework.org/schema/task/spring-task-3.0.xsd" location="$USER_HOME$/.IntelliJIdea2017.1/system/extResources/76810bfb_spring-task-3.0.xsd" />
    <resource url="http://www.springframework.org/schema/tool/spring-tool-3.0.xsd" location="$USER_HOME$/.IntelliJIdea2017.1/system/extResources/5f59e9a1_spring-tool-3.0.xsd" />
    <resource url="http://www.springframework.org/schema/tool/spring-tool-3.2.xsd" location="$USER_HOME$/.IntelliJIdea2017.1/system/extResources/5f7618a3_spring-tool-3.2.xsd" />
    <resource url="http://www.springframework.org/schema/tool/spring-tool-4.0.xsd" location="$USER_HOME$/.IntelliJIdea2017.1/system/extResources/944024e2_spring-tool-4.0.xsd" />
    <resource url="http://www.springframework.org/schema/tool/spring-tool-4.2.xsd" location="$USER_HOME$/.IntelliJIdea2016.3/system/extResources/945c53e4_spring-tool-4.2.xsd" />
    <resource url="http://www.springframework.org/schema/tool/spring-tool-4.3.xsd" location="$USER_HOME$/.IntelliJIdea2016.3/system/extResources/946a6b65_spring-tool-4.3.xsd" />
    <resource url="http://www.springframework.org/schema/tx" location="$USER_HOME$/.IntelliJIdea2016.3/system/extResources/2237b83b_spring-tx-3.2.xsd" />
  </component>
</application>