<keymap version="1" name="Default for XWin copy" parent="Default for XWin">
  <action id="FixDocComment">
    <keyboard-shortcut first-keystroke="shift alt j" />
  </action>
  <action id="GotoImplementation">
    <mouse-shortcut keystroke="control alt button1" />
    <keyboard-shortcut first-keystroke="shift alt b" />
  </action>
  <action id="HippieCompletion" />
  <action id="ShowIntentionActions">
    <keyboard-shortcut first-keystroke="alt slash" />
  </action>
  <action id="SplitVertically">
    <keyboard-shortcut first-keystroke="alt s" />
  </action>
  <action id="SurroundWith">
    <keyboard-shortcut first-keystroke="ctrl alt j" />
  </action>
  <action id="SwitchApply">
    <keyboard-shortcut first-keystroke="shift alt enter" />
  </action>
  <action id="SwitchDown">
    <keyboard-shortcut first-keystroke="shift alt down" />
  </action>
  <action id="SwitchLeft">
    <keyboard-shortcut first-keystroke="shift alt left" />
  </action>
  <action id="SwitchRight">
    <keyboard-shortcut first-keystroke="shift alt right" />
  </action>
  <action id="SwitchUp">
    <keyboard-shortcut first-keystroke="shift alt up" />
  </action>
  <action id="ToggleFullScreen">
    <keyboard-shortcut first-keystroke="alt t" />
  </action>
  <action id="UnselectPreviousOccurrence" />
  <action id="tasks.open.in.browser" />
</keymap>