<keymap version="1" name="Mac OS X copy" parent="Mac OS X">
  <action id="AddToFavoritesPopup" />
  <action id="CodeCompletion">
    <keyboard-shortcut first-keystroke="ctrl space" />
    <keyboard-shortcut first-keystroke="alt slash" />
  </action>
  <action id="FindInPath">
    <keyboard-shortcut first-keystroke="shift meta f" />
  </action>
  <action id="FixDocComment">
    <keyboard-shortcut first-keystroke="shift alt j" />
  </action>
  <action id="GenerateGetterAndSetter">
    <keyboard-shortcut first-keystroke="ctrl n" />
  </action>
  <action id="HippieCompletion" />
  <action id="ShowIntentionActions">
    <keyboard-shortcut first-keystroke="alt enter" />
    <keyboard-shortcut first-keystroke="alt slash" />
  </action>
</keymap>